accountId,transactionType,amount,transactionDate
Lukas Fladgate,Congo Mahoe,66,10/9/2023
Rafaela Noteyoung,Zephyrlily,40,6/4/2023
Shirleen Peppett,Largeflower Yellow False Foxglove,49,5/24/2023
Aguie Thorns,Bolander's Reedgrass,59,12/1/2023
Kelli Kitchingman,Harvey's Buttercup,87,11/24/2023
Stanislaus Boscott,Thouinia,59,8/25/2023
Lamont Antunez,Rough Stoneseed,86,4/23/2023
Stanfield Gethouse,Gray's Bedstraw,33,5/9/2023
Elisabetta Gillon,Riddell's Ragwort,54,8/10/2023
Annice Bygreaves,Compact Monkeyflower,37,11/28/2023
Roderic MacAlroy,Arctic Goldenrod,48,3/12/2023
Danya Thorouggood,Spongeplant,52,6/28/2023
Brandon Roman,Black Hellebore,1,1/29/2023
Desdemona Heddan,Velvetleaf,28,3/22/2023
Dody Tewnion,Lecidea Lichen,64,9/7/2023
Margaret Banstead,Butea,80,12/24/2022
Faun O'Driscole,Horkelia,33,2/9/2023
Abbe Quirke,Newberry's Milkvetch,54,6/10/2023
Minny Gellan,Mycoglaena,69,4/11/2023
Keelby Hebron,Wideleaf Crumia Moss,78,8/23/2023
Cordula Oen,Cashew,35,8/18/2023
Selig Ackrill,Serpentine Manzanita,56,1/17/2023
Abelard Troutbeck,Western Yampah,66,3/9/2023
Dall Feehan,Hawai'i 'ohe,23,3/7/2023
Pearle Kingswood,Watercrown Grass,60,12/24/2022
Jeannine Shirtcliffe,Guama Venezolano,74,11/23/2023
Addie D'Cruze,Thin-wall Quillwort,14,4/22/2023
Rawley Janatka,Tamarack,69,10/23/2023
Lammond Leavry,Mycocalicium Lichen,4,11/14/2023
Dannie Stean,Lineseed,42,3/24/2023
Westbrooke Rainsbury,Perennial Sandgrass,59,12/2/2023
Alden Sterland,Summer Spurge,42,2/8/2023
Cross Romushkin,Hetch Hetchy Monkeyflower,89,2/25/2023
Grange Mossman,Xanthoparmelia Lichen,98,11/3/2023
Didi Coule,Stemmy Four-nerve Daisy,13,12/11/2023
Olin Blower,Schott's Century Plant,23,1/20/2023
Hardy Gladeche,Painted Buckeye,68,1/21/2023
Charlena Johnsson,Blue Elderberry,100,2/18/2023
Shaughn Muscat,California Lecania Lichen,35,9/22/2023
Vivianna Rraundl,Muehlenbeck's Bryum Moss,7,3/4/2023
Chickie Jayne,Coast Wallflower,66,7/27/2023
Danny De Cleyne,Rugel's Anomodon Moss,49,6/10/2023
Leelah Fraczkiewicz,Giant Dogwood,77,5/18/2023
Sandie York,Juniper Biscuitroot,93,5/21/2023
Pepita Sultana,Dwarf Spleenwort,6,1/1/2023
Rickey Conklin,Withered Bluegrass,28,5/12/2023
Lanni Hinstock,Thicksepal Cryptantha,83,5/17/2023
Malinda Rearie,Grove Hawthorn,94,11/12/2023
Jenine Joyner,Nye Milkvetch,48,1/26/2023
Alejoa Verrechia,Holm's Reedgrass,49,1/12/2023
Kippie Jiranek,Green Phlox,74,1/28/2023
Adrienne Braune,Naked Buckwheat,29,7/7/2023
Gianna Muskett,Western Mountain Kittentails,66,5/26/2023
Aurore Gatland,Foxtail Copperleaf,65,6/24/2023
Lita Learmonth,Torrey's Yucca,58,5/20/2023
Sydel Gidney,Pale Flax,18,1/16/2023
Alisa Kettlestringes,False Boneset,62,10/2/2023
Felice Kleanthous,Rim Lichen,45,2/17/2023
Carry Kernley,Narrow-leaf Peppermint Gum,36,5/11/2023
Nickola Sprade,Laurera Lichen,79,11/6/2023
Xylina Ferns,Sticky Pincushionplant,35,2/7/2023
Dorena Huxter,West African Albizzia,92,12/24/2022
Mireielle Devonside,Pacific Pea,61,2/10/2023
Ev Beamiss,Nut Palm,45,10/21/2023
Dona Randalston,Tube Lichen,17,6/26/2023
Zollie Bosson,Pygmy Cypress,53,9/30/2023
Kacy Hughes,Rough Cocklebur,2,10/25/2023
Pierre Vogele,Yellow Mountain Saxifrage,83,5/7/2023
Betta Bonafacino,Biennial Wormwood,77,3/11/2023
Elisabetta Verillo,Largehead Sedge,93,5/6/2023
Cora Reimer,Weak-leaf Yucca,98,11/7/2023
Joellyn Martland,Lehua Papa,11,4/3/2023
Cleon Coverlyn,Blisterwort,32,5/24/2023
Timotheus Leggen,Bailey's Buckwheat,78,3/15/2023
Cory Farrall,Pearlflower,24,8/24/2023
Brittan Ravenscroft,Southern Long Sedge,28,1/14/2023
Latisha Bilofsky,Rosette Lichen,11,9/19/2023
Giffy Salleir,Crabgrass,32,7/6/2023
Dav Fuzzard,Sawtooth Oak,91,7/30/2023
Sax Kennermann,Mexican Alvaradoa,21,3/31/2023
Milton Heffernon,Bastardcabbage,93,10/23/2023
Corine Gricks,Barrelclover,10,4/13/2023
Emilie Braithwaite,Rugel's Hoarypea,19,12/12/2023
Bertha Ledner,Downy Serviceberry,90,11/22/2023
Connie Chaster,Koolau Range Pritchardia,56,8/27/2023
Winston Booty,Snow Grass,59,3/28/2023
Gwyn Shepperd,Lyreleaf Jewelflower,73,4/12/2023
Lorna O'Scannill,Eaton's Thistle,60,5/21/2023
Guinevere Grigaut,Howell's Buckwheat,93,5/4/2023
Millisent Isacsson,Snowy Mermaid,1,2/23/2023
Siana Smiz,Tropical Lilythorn,58,12/7/2023
Isador Lezemore,Lecidoma Lichen,1,10/5/2023
Sheppard Rogier,Juncea Lespedeza,49,7/15/2023
Rancell Vowells,Ash Meadows Blazingstar,75,1/11/2023
Erroll Kundt,California Live Oak,54,10/31/2023
Nita Broderick,Windmill Fringed Gentian,28,4/6/2023
Cacilia Brabyn,Toothed Spurge,28,2/23/2023
Corney Dace,Silverleaf Milkvetch,8,8/8/2023
Constantina Dikle,Creosote Bush,15,2/27/2023
Doy Ary,Japanese Timber Bamboo,100,10/18/2023
Gwennie Vatini,Glyphis Lichen,56,5/29/2023
Tobe Lanning,Mountain Ball Cactus,98,10/26/2023
Paxon Ullett,Coralbead,58,3/11/2023
Caralie Matteo,Thelidium Lichen,72,8/22/2023
Emelita Strippel,Marlberry,62,12/20/2022
Belia Moysey,Port Clarence Indian Paintbrush,95,2/6/2023
Lorilee Vela,Pallid Hoptree,45,5/17/2023
Bev Glenister,Flame Ragwort,71,12/28/2022
Faun Fulstow,Smallstamen Viper's Bugloss,68,11/5/2023
Arley Peschke,Little Nipple Cactus,68,6/18/2023
Rosalyn MacCaughen,Coleus,92,6/20/2023
Jozef Snowding,Melanelia Lichen,84,10/1/2023
Daune Hillyatt,Red Larkspur,98,3/20/2023
Brittani Horsewood,Everlasting,11,2/20/2023
Gunter Burton,Earth Lichen,14,10/6/2023
Kingston Dowman,Isle-of-pines Crabgrass,100,2/12/2023
Zaneta Fayre,Slender Flatsedge,46,1/21/2023
Vincenz O'Hartagan,Bush's Purple Coneflower,77,10/22/2023
Hymie Cansdill,Clypeococcum Lichen,49,4/13/2023
Baryram Hoodlass,Vasey's Rockdaisy,6,10/31/2023
Mag Byneth,Carey's Balsamroot,14,9/5/2023
Hammad Thon,Lichenothelia Lichen,49,8/21/2023
Raf Savery,Mountainheath,75,3/28/2023
Lanna Espine,Turtlefat,31,1/19/2023
Rea Petrik,Southwestern Brickellbush,88,2/7/2023
Valina McCoy,Pursh Seepweed,89,6/16/2023
Leslie McGill,Mexican Thistle,16,5/16/2023
Selestina Orrin,Badlands Mule-ears,73,12/30/2022
Carlo Dreinan,Purple Meadowparsnip,30,5/14/2023
Piper Jandac,Tall Cottongrass,18,9/23/2023
Falkner Conford,Eastern Marsh Fern,42,2/10/2023
Georges Gresswood,Catinaria Lichen,35,12/10/2023
Earvin Alyokhin,Lori's Columbine,91,5/30/2023
Loleta Boteman,Mnium Calcareous Moss,22,5/18/2023
Jewel O'Mara,Inyo Gilia,43,4/11/2023
Colan Borthram,Anena,94,4/5/2023
Eberhard Pool,Smooth Sunflower,32,8/12/2023
Marlin McGriffin,Sticky Jointvetch,5,2/5/2023
Lorant Trask,Orange Lichen,57,9/11/2023
Job Joddens,Veiny Pepperweed,68,2/23/2023
Cthrine Stickins,Woolly Beachheather,55,11/12/2023
Tabbie Casino,Trichothelium Lichen,37,11/9/2023
Broderic Cardoso,Sphinctospermum,71,5/28/2023
Judy Yole,Parish's Threeawn,65,6/29/2023
Samuele Toppin,Rambling Dewberry,55,2/20/2023
Coleen Mc Queen,Alexander's Rock Aster,99,4/22/2023
Shara Farran,Mojave Dwarf,5,3/24/2023
Kane Iozefovich,Showy Whitetop,95,7/17/2023
Gillian Rebbeck,Virginia Quillwort,1,7/25/2023
Thorin Ghiotto,Mat Rockspirea,57,4/30/2023
Gaspard Trobe,Snakeweed,36,10/7/2023
Allie Letterick,Scarlet Spiderling,27,9/4/2023
Benn Ferris,Blackberry,60,8/10/2023
Cornelius Arnaldo,Bahama Beaksedge,44,2/1/2023
Katharine Morriarty,Varileaf Phacelia,19,12/3/2023
Dicky Narracott,Variable Sandmat,99,3/7/2023
Marlyn Gorringe,Spruce Pine,87,11/1/2023
Guss Putten,Chalice Lichen,6,7/2/2023
Mord Fahy,Davis' Milkweed,85,4/15/2023
Clive Laughnan,Keyflower,44,1/20/2023
Baird Porte,Caribbean Tonguefern,86,9/24/2023
Rance Aldins,Tropical Waterhyssop,19,2/25/2023
Meagan Austick,Slender Buckwheat,39,10/27/2023
Kristal Fryd,Oregon Stonecrop,85,5/28/2023
Sarette Spikins,Correll's Buckwheat,31,1/25/2023
Ronald Blade,Cochlospermum,85,12/27/2022
Muriel Verty,Woods Clover,33,1/23/2023
Blondy Lace,Pouteria,97,10/12/2023
Abba Lathleiffure,Pimpernel,99,9/29/2023
Noni Brockwell,Twinberry,63,10/29/2023
Bjorn Ubsdale,Alpine Leafybract Aster,92,2/5/2023
Torin Brunn,Denseleaf Pussytoes,46,11/2/2023
Humberto Kelner,Diamond-flowers,22,1/7/2023
Mikel Cuxson,Bigelow's Desertgrass,60,6/9/2023
Alister Klaff,Giant Wakerobin,11,1/7/2023
Ed Yurevich,Heldreich's Clover,33,12/24/2022
Fernanda Chaudrelle,Prairie Sandreed,65,11/23/2023
Juline Batty,Indian Plantain,12,8/27/2023
Dorie Haydn,Purple Cushion Fleabane,41,7/22/2023
Raphaela Le Brun,Job's Tears,28,3/3/2023
Enos Freeth,Tracy's Clarkia,76,12/3/2023
Joann Eichmann,White Lady's Slipper,99,5/12/2023
Linda Bullant,Passey's Onion,6,10/13/2023
Flossie Willmot,Sonoran Ticktrefoil,74,2/18/2023
Xylia Mulvin,Kamchatka Spikerush,46,2/11/2023
Claudio Weinberg,Common Catchfly,2,9/20/2023
Chas Fransman,Smooth Jewelflower,3,7/31/2023
Charmian Darkott,Slenderbeak Sedge,26,8/26/2023
Prudy Feveryear,Ghanja Kola,85,8/2/2023
Verge Martino,Thicket Groundcherry,83,12/5/2023
Kissie Episcopio,White Hoarypea,45,6/5/2023
Candie Rosiello,Schott's Pygmycedar,70,2/1/2023
Norris Jovasevic,Hopi Milkvetch,90,3/18/2023
Jemmie Cornilli,Cinclidium Moss,11,2/2/2023
Ilysa Thumim,Tharp's Croton,18,5/24/2023
Jameson Tripony,Bran Lichen,38,12/17/2022
Libbey Laverick,Slender Scratchdaisy,36,11/10/2023
Abbey Abels,Siberian Larkspur,37,4/24/2023
Jolee Sach,Stigmidium Lichen,42,7/25/2023
Aurelea Carse,Rush Lemonweed,55,12/7/2023
Nita Standbridge,Gaping Grass,39,7/18/2023
Vivyan Dampney,Wedgeleaf Draba,68,4/20/2023
Bea Twinterman,Strigose Beard Lichen,46,1/24/2023
Arluene Goodright,Guadalupe Cryptantha,41,3/2/2023
Claudian Coldtart,Slimleaf Prairie Clover,11,8/20/2023
Nolana Glynne,Blessed Thistle,72,4/7/2023
Anissa Carillo,Slender Greenthread,43,10/11/2023
Verina Glitherow,Anil Racimillo,58,3/8/2023
Benedetto Ovanesian,Scaly Blazing Star,92,3/29/2023
Misha Mourant,Roland's Seablite,29,1/3/2023
Marcelo Conant,Paradisetree,98,8/12/2023
Greta Tottie,Nightblooming False Bindweed,95,1/17/2023
Freddie Lovejoy,Taylor County Goldaster,80,7/2/2023
Amabelle Potticary,Toumey Oak,52,10/12/2023
Aksel Tidbald,Bamboo,27,11/23/2023
Dalton Matches,Ale,24,3/20/2023
Rosalia Abramovitch,Trillium,53,6/21/2023
Lusa Whittier,Raven's Primrose-willow,37,12/14/2022
Boy Guyonnet,Dotted Polypody,74,9/8/2023
Rhett Anton,Na'ena'e Pua Melemele,2,3/28/2023
Alistair Hollyland,Inyo Biscuitroot,57,5/12/2023
Cherye Jezard,Palapalai,84,11/2/2023
Shannon Colebrook,California Seapink,9,5/24/2023
Aurthur Dana,Bush Vetch,24,4/28/2023
Loree Rozenbaum,Heartleaf Keckiella,15,9/20/2023
Willi Rumbelow,Sharp's Homaliadelphus Moss,99,6/3/2023
Morna Roswarn,Doublehorn Calicoflower,80,6/13/2023
Karlens Suscens,Foxtail Muhly,12,3/12/2023
Hailee Husk,Elephantear Pricklypear,69,6/21/2023
Austin Trolley,Lecidea Lichen,90,1/31/2023
Greta De Marchi,Seaside Alumroot,97,9/24/2023
Keith Schneidau,Little Oniongrass,7,5/6/2023
Murdoch Broomer,Zamia,40,12/25/2022
Kristofor Lees,Dissotis,38,10/1/2023
Nelia Kahler,Mojave Indian Paintbrush,78,7/23/2023
Fairleigh Colcutt,Golden Trumpet,96,10/27/2023
Malchy Hubner,Engelmann's Milkweed,31,3/5/2023
Borg Collicott,Pink Campion,9,5/4/2023
Rora Newtown,Cascade Rose,55,4/1/2023
Zorana O'Sherrin,Variable Linanthus,13,8/26/2023
Sibylla Laddle,Hairy False Goldenaster,30,6/29/2023
Cyndie Kirk,Wright's False Threadleaf,38,3/5/2023
Chelsy Kloss,Johnny Reb Hawthorn,23,11/28/2023
Devina Jutson,Pagumpa Milkvetch,17,9/24/2023
Mildrid Degnen,Manihot,50,9/18/2023
Bald Oriel,Hairy Gumweed,55,2/7/2023
Jermain Garn,Flagstaff Beardtongue,51,9/2/2023
Standford Randle,Gray Mangrove,78,8/26/2023
Micheline Gaughan,Mogollon Lousewort,55,6/22/2023
Clayson Kristof,Threelobe Buttercup,4,5/28/2023
Kanya Matcham,Long's Bulrush,91,4/6/2023
Shirl Jannings,Water Sphagnum,27,7/20/2023
Xenia Marxsen,Marsh Milkvetch,47,8/16/2023
Antons Palffrey,Pamoho,61,4/21/2023
Sam Quarles,Manchineel Berry,40,3/22/2023
Peggy Marsham,Orange Lichen,42,1/12/2023
Jacqueline Cayton,Sunflower,35,4/30/2023
Cordi Skain,Golden Mock Orange,6,8/8/2023
Arley Dreakin,Mojave Tarweed,59,10/5/2023
Rozanne Maplesden,Tilesius' Wormwood,49,1/29/2023
Loralee Geertsen,Juniper Globemallow,80,9/22/2023
Jammal Couper,Shrubby Pencilflower,84,4/30/2023
Layla Siehard,Arizona Lupine,1,12/5/2023
Concordia Littlejohn,Anzia Lichen,18,3/9/2023
Adella Ledgard,Wright's Spiderwort,42,10/30/2023
Isidoro Clague,Long-flower Marlock,33,7/22/2023
Candide Scampion,Siberian Sea Rosemary,31,8/7/2023
Gladi Gimblett,Torrey's Milkvetch,36,9/11/2023
Nealson Djuricic,Rubber Rabbitbrush,26,10/11/2023
Brendan Mc Grath,Debris Milkvetch,27,11/27/2023
Amabelle Mannock,Tamarind,74,11/3/2023
Josephina Piscopo,Eggyolk Lichen,1,4/16/2023
Robinette Toffanelli,Ironweed,3,6/11/2023
Hunter Verrick,Tuckerman's Dot Lichen,80,1/30/2023
Bastian Francey,Parish's Monkeyflower,2,11/19/2023
Darrel Bernot,Smallflower Fescue,73,9/8/2023
Humphrey Roomes,Neglected Sunflower,96,5/9/2023
Stormie Blastock,Anise,33,9/5/2023
Phyllida Reynoollds,United Blazingstar,91,2/24/2023
Miran Schoroder,Blow Wives,45,5/16/2023
Bathsheba Brunel,Branching Phacelia,69,2/12/2023
Harley Mc Coughan,Hammock Bog Orchid,6,2/18/2023
Candice Sheldrick,Lecidea Lichen,62,6/6/2023
Sigismund Yepiskopov,Sitka Alder,5,4/18/2023
Teodora Merigeau,Japanese Callicarpa,20,7/27/2023
Leonhard Iacovone,San Joaquin Tarweed,57,11/4/2023
Alford Denekamp,Slender Fimbry,71,2/8/2023
Ruy Notti,Graphina Lichen,48,11/22/2023
Ora Tournie,Cardinal's Feather,4,10/22/2023
Clevey Broadbere,Thimble Grass,68,11/17/2023
Hammad Gummory,Hairybeast Turtleback,13,6/25/2023
Rita Pollett,Howell's Pussytoes,26,9/22/2023
Anneliese Furby,Birdwing Treefern,71,9/19/2023
Ardene Sooper,Cusick's Giant Hyssop,23,1/9/2023
Leo Coundley,Clubmoss,80,12/25/2022
Bettine Conroy,Bushy Yate,34,11/10/2023
Alexi Nelthrop,Hawk's Eye,86,7/26/2023
Drusilla Glave,Pallid Suncup,7,11/24/2023
Star Barthram,Reclined Gumweed,13,11/18/2023
Addia Brafferton,Bitter Creek Phacelia,94,3/26/2023
Zorine Furmedge,Scarlet Cinquefoil,62,8/19/2023
Engracia Hoodlass,Rocky Mountain Sedge,20,6/29/2023
Chaim Lubman,Mago,90,8/28/2023
Alicia MacLice,Cow Itch Tree,12,3/1/2023
Ysabel Purves,Hairy Skin Lichen,100,2/10/2023
Adel Fulham,Partridgeberry,37,7/4/2023
Shanie Perot,Broadscale Sedge,31,7/6/2023
Chase Perdue,Drummond's Rush,56,7/6/2023
Melinde Brauner,Angularfruit Ma'oloa,30,3/4/2023
Delila Fayerbrother,Dobie Pod,93,7/1/2023
Hank Huggon,Serrate Ephemerum Moss,20,10/10/2023
Jed St. Quintin,Sanborn's Onion,83,1/27/2023
Mirabella Baddoe,Ceratodon Moss,42,9/10/2023
Dottie Beavington,Cretan Bryony,55,4/3/2023
Claus Ollerhead,Shortleaf Stopper,100,5/21/2023
Hedi Jamrowicz,Ginseng,85,11/19/2023
Jareb Ruusa,Rixford's Rockwort,10,1/21/2023
Jeffie Ingleston,Queen Poppy,14,5/1/2023
Fransisco Reekie,Lamella Pterygoneurum Moss,43,7/29/2023
Davy Ludee,Wax Mallow,73,6/16/2023
Hildegarde Grumell,Smallflower Groundcherry,55,6/6/2023
Gaston Spaducci,Pillpod Sandmat,50,8/16/2023
Beck Minchenton,Kral's Yelloweyed Grass,88,6/2/2023
Rosemonde Gauvain,Thelidium Lichen,90,6/6/2023
Deidre Sellen,Broadleaf Tickseed,94,6/26/2023
Tucky Gammill,Mountain Owl's-clover,98,1/2/2023
Concettina Whightman,Rim Lichen,56,12/24/2022
Jan Helversen,Brazilian Morning-glory,56,4/7/2023
Urbanus Handrok,Bulbothrix Lichen,90,1/21/2023
Vern Whitton,Woolly Meadowfoam,86,9/2/2023
Charlot Machan,Early Crocus,72,6/25/2023
Ashlee Clemendet,Downy Lobelia,55,6/30/2023
Cassy Anthoin,Mountain Ball Cactus,64,4/7/2023
Adler Suero,Pseudoleskea Moss,29,6/19/2023
Ebba Aberhart,Dicranella Moss,87,11/18/2023
Anissa Hyett,Yellow Guinea Yam,18,7/6/2023
Aharon Dennis,Brome-like Sedge,80,9/8/2023
Rosaline Daunter,Asian Forget-me-not,8,12/17/2022
Minnnie Gammade,Fivepetal Leaf-flower,14,12/19/2022
Nickolaus Lorking,Sierra Primrose,49,5/28/2023
Martica Pretious,Sedge,99,6/29/2023
Buiron Mapledoram,Roughstem Rosinweed,60,10/5/2023
Hakeem Tullot,Saltmarsh Sea Lavender,63,12/8/2023
Stevy Bench,Sappanwood,82,10/16/2023
Harvey Skerme,Kenai Birch,54,2/19/2023
Minnie Platt,Forget-me-not,94,9/30/2023
Katherina Wickmann,Baby Jump-up,32,9/7/2023
Derry Pearle,Dwarf Netvein Hollyfern,35,7/9/2023
Latrina Ondricek,Mountain Papaya,87,1/15/2023
Doug Bunce,Candelabra Aloe,87,11/25/2023
Burke Childs,Rhizoma Peanut,82,12/13/2023
Robb Poone,Mojave Thistle,62,10/6/2023
Yancy Hurrell,Alpine Tetramolopium,4,12/27/2022
Payton Vazquez,Beach Evening Primrose,96,1/8/2023
Anne-corinne Melding,Bunya Bunya,10,9/17/2023
Lynna Emsley,Longmamma Nipple Cactus,100,12/25/2022
Somerset Kebell,Creeping Saxifrage,32,12/6/2023
Cash Dreossi,Glade Fimbry,96,12/25/2022
Tonie Robbings,New Mexico Stickseed,78,6/15/2023
Berna Blonfield,Pink Alumroot,2,7/4/2023
Joan Rubery,Hairtip Clubmoss,73,3/19/2023
Sammy Cottie,Black Psorotichia Lichen,78,3/26/2023
Windy Whitmore,Sphagnum,4,3/31/2023
Danyette Hannum,Smooth Baccharis,14,4/9/2023
Rosalia Donkersley,Roccella Lichen,19,9/28/2023
Mame Dradey,Windham's Scaly Cloakfern,59,8/13/2023
Liesa Bowld,Circumpolar Sedge,88,9/26/2023
Bonni Franseco,Knieskern's Hawthorn,73,8/3/2023
Idaline Bunting,Ulihi Phyllostegia,97,11/27/2023
Leonie Hawkey,Beckwith's Milkvetch,100,4/8/2023
Glen Gerold,White Ramoon,90,12/8/2023
Hunt Thorington,Pennsylvania Beard Lichen,11,6/25/2023
Lorne Claricoates,Spinach,23,4/21/2023
Reinald Faveryear,Canadian Burnet,36,3/7/2023
Nicolas Baudoux,French Marigold,53,2/25/2023
Doretta Stanworth,Yellow Loosestrife,87,8/20/2023
Reamonn Trousdale,Eastern Bluestar,92,10/13/2023
Micky Janks,Tripterocladium Moss,29,1/5/2023
Wyndham Pearse,Meadow Bird's-foot Trefoil,76,4/3/2023
Dulcia Frostdicke,Frankton Dock,37,11/14/2023
Doralin Alasdair,Quill Beak Sedge,99,10/28/2023
Netty Yukhnov,Coast Range Mariposa Lily,92,1/31/2023
Celie Honack,Low Mallow,21,3/21/2023
Lothaire Richarson,Black Bristlegrass,50,1/14/2023
Kyle Iacoviello,Strawflower,55,12/7/2023
Rick Fowley,Gray's Bean,91,5/14/2023
Raquela Dayce,Small-leaf False Cloak Fern,35,10/10/2023
Tomasine Bessey,Mexican Sweetcicely,92,10/5/2023
Manon Nyssens,Russian Water-milfoil,43,11/14/2023
Pernell Pollicott,Lean Flatsedge,60,10/4/2023
Alli Dandie,Wavyleaf Sea Lavender,93,8/15/2023
Judye Braben,Oklahoma Blackberry,11,1/14/2023
Harriet De Brett,Stewart's Crucifixionthorn,85,11/2/2023
Duffy McDiarmid,Mycocalicium Lichen,94,12/23/2022
Merla Guynemer,Plitt's Pore Lichen,79,12/11/2023
Ellwood Bellows,Milo Baker's Cryptantha,8,1/1/2023
Morie Criag,Contorted Sphagnum,90,3/10/2023
Wendell Maro,Fringed Pink,3,6/23/2023
Glyn McNeill,Sensitive Partridge Pea,66,12/11/2023
Hunfredo Fairfoul,Breutel's Notothylas,17,5/28/2023
Leann Birt,False Madwort,46,11/25/2023
Jill Holmyard,Hyssopleaf Thoroughwort,98,1/31/2023
Donetta Dautry,Creeping Mannagrass,25,1/22/2023
Ulysses Bengochea,Colorado Desert Mistletoe,20,7/29/2023
Francklin Gritten,Giant Airplant,64,2/7/2023
Eden Lomasny,Lesser Hawkbit,64,5/4/2023
Eal Silver,Everglades Key False Buttonweed,56,5/23/2023
Luke Bernardinelli,Burrograss,20,5/13/2023
Alaster Shapero,Late Purple Aster,87,1/25/2023
Juliette Dowdall,Blepharizonia,12,11/5/2023
Alic Middlemiss,Colorado Woodrush,7,11/15/2023
Julieta Dawby,Browneyed Susan,68,2/13/2023
Bessie Londing,Red Grama,18,1/9/2023
Katusha Forker,Elegant Kihifern,51,8/14/2023
Corrie Pinchback,Curcuma,5,9/16/2023
Elisabeth Danzey,Longstyle Rush,38,11/20/2023
Jacquette Phaup,Spice Lily,8,2/22/2023
Jamie O'Crevy,Birdflower,99,8/26/2023
Caron Yelyashev,Threepetal Bedstraw,76,4/2/2023
Aldo Di Biagio,San Francisco Campion,26,9/4/2023
Read Berzons,Pine Barren Beaksedge,22,1/18/2023
Alanson Bowart,Yavapai County Buckwheat,87,10/26/2023
Maximo Cradoc,Basket Of Gold,17,12/31/2022
Hillary Coppenhall,Shortlobe Penstemon,55,9/27/2023
Florrie Spriggin,Misopates,81,5/1/2023
Del Ferrieres,Plumleaf Crab Apple,88,4/11/2023
Chrissie Varden,Sierra False Needlegrass,16,9/4/2023
Gerome Hubbins,Western Catchfly,17,3/28/2023
Selig Rodell,Silkleaf,3,4/30/2023
Cordell Boyles,Hairy Pagoda-plant,58,3/9/2023
Alikee Reisenberg,Wildrye,63,5/7/2023
Chantalle Salzburger,San Bernardino Vervain,97,10/21/2023
Daloris Alliband,Pyrenopsis Lichen,68,7/13/2023
Jemmie Tadd,Key Lime,54,8/26/2023
Gloria Blemings,Yellow Mandarin,43,11/25/2023
Nannie Dahlman,Carter's Pinelandcress,8,2/16/2023
Davina Fearne,'ahakea,49,6/19/2023
Roz Cleaver,Coastal Tarweed,83,3/10/2023
Marinna Luckie,Threesection Buttercup,13,5/19/2023
Orren Kippie,Lowbush Blueberry,67,12/17/2022
Baillie Hannon,Chaenothecopsis Lichen,40,10/11/2023
Sayre Rizon,Bog Willow,74,2/18/2023
Guglielmo Cowin,Trypelthelium Lichen,13,8/20/2023
Florie MacWhan,Fringed Grass Of Parnassus,29,11/3/2023
Sherye Meyrick,European Columbine,75,10/22/2023
Gerry Feldstern,California Clematis,80,6/24/2023
Gianina Sayce,Idaho Blue-eyed Grass,6,9/19/2023
Lari McFaell,Cup Lichen,48,2/26/2023
Avie Seeney,Robust Spineflower,29,9/9/2023
Susanne Sheara,Mountain-avens,82,11/26/2023
Eddi Yarrow,Roan Mountain Rattlesnakeroot,70,10/28/2023
Arlena Stabbins,Jones' Selenia,68,8/23/2023
Rene Wallis,Sanddune Spurge,7,12/10/2023
Shawnee Neachell,Upright Pellitory,82,3/22/2023
Danni Brideoke,Cylinder Jointtail Grass,7,2/11/2023
Clementia Rand,Cataract Scopelophila Moss,11,12/29/2022
Garret Goode,Dichelyma Moss,46,3/17/2023
Joshuah Bispham,Saltwater False Willow,64,9/29/2023
Filmer Cashman,Ormosia,39,5/7/2023
Gweneth Hendrix,Golden Currant,87,3/6/2023
Neda Karlolczak,Rim Lichen,8,11/11/2023
Mureil Geely,Oriental Sweetgum,68,8/7/2023
Arlana Hawkwood,Safflower,83,3/18/2023
Dianemarie Gilvary,Braun's Rockcress,71,7/1/2023
Palmer Nicholes,Purple Mountain Saxifrage,23,10/9/2023
Paola Nucciotti,Cockleshell Lichen,67,8/1/2023
Jennilee Johnson,Cooper's Cyathea,17,11/1/2023
Shalom Whyke,Sonoran Thoroughwort,90,1/22/2023
Tim Trench,Mariposa Sedge,42,9/7/2023
Dynah Meany,Graphina Lichen,6,11/7/2023
Danika Ungerechts,Daphnopsis,17,9/16/2023
Stacie Ioannidis,Leptodontium Moss,51,1/30/2023
Cheslie MacCheyne,Yellowdot Saxifrage,48,11/17/2023
Ermin Ringe,Heartleaf Philodendron,45,3/19/2023
Lurline Gannaway,Red Hills Vervain,99,9/18/2023
Dallas Astman,Arizona Centaury,27,6/25/2023
Marvin Bartalini,Nail Lichen,68,2/10/2023
Ula Menezes,Boquillas Sandmat,65,8/19/2023
Silvanus Foxen,Blackthread Lichen,15,9/23/2023
Marget Titchmarsh,Texas Chickweed,75,9/5/2023
Pris Cooley,Wildrye,95,5/27/2023
Obed Sazio,Fecund Schadonia Lichen,58,4/11/2023
Glyn Longmore,Giant White Fawnlily,18,6/19/2023
Consolata Shyres,Howell's Mariposa Lily,50,9/21/2023
Gearalt Warhurst,Hybrid Violet,41,11/19/2023
Orelia Stirling,Showy Evening Primrose,12,7/31/2023
Sheeree Hekkert,White Alder,97,1/23/2023
Babs Fiorentino,Palmer's Catchfly,100,9/26/2023
Northrop Meconi,Southern Twayblade,29,1/20/2023
Steffane McCaskill,Hapeman's Coolwort,86,9/26/2023
Hammad Gravy,Horsehair Lichen,19,1/23/2023
Chloe Tedman,Sundew,6,2/1/2023
Perry Oxbury,Bartram's Ixia,89,2/18/2023
Meagan Bazell,Alameda Manzanita,30,9/22/2023
Barbra Rosenblatt,Dog Figwort,86,9/5/2023
Ellery Toulmin,Balsampear,1,5/24/2023
Ariana Blacklidge,Heartleaf Saxifrage,73,4/17/2023
Brooke Chippin,Sclerophora Lichen,10,1/24/2023
Maddy Kerridge,Machaeranthera,41,9/3/2023
Kienan Durbyn,Longspur Lupine,38,12/12/2023
Jillian Eve,Cylindricfruit Primrose-willow,64,12/26/2022
Tami Bamlett,Carolina Elephantsfoot,48,5/24/2023
Ellyn Carrane,Milkberry,51,10/3/2023
Alfred St Ange,Heterocarpon Lichen,32,2/22/2023
Isabelle Bruhke,Fuzzyflower Cyrtandra,20,1/4/2023
Chantal McCartan,Sticky Rosinweed,70,9/2/2023
Rochette Kayne,Congo Mahoe,72,2/5/2023
Lorena Cornewall,Baker's Manzanita,42,12/24/2022
Matti Wardingley,Yerba De Guava Falso,2,8/5/2023
Luelle Fullick,Coastal Plain St. Johnswort,40,2/2/2023
Ilsa Follett,Mollugo,25,1/8/2023
Gianina Spray,Sintenis' Quina,97,7/8/2023
Jeannine Darbyshire,Coco Yam,34,5/13/2023
Marlo Loveman,Combs' Panicgrass,48,2/13/2023
Sarina Badcock,Mountain Stopper,95,11/27/2023
Bard Baert,Macawflower,39,7/8/2023
Iggy Craiker,Membraneous Felt Lichen,54,1/2/2023
Edie Mattusevich,Mamoncillo,65,4/14/2023
Enos Dighton,Douglas' Spiny Milkvetch,48,8/29/2023
Julio Gleeton,Ipecac,24,4/8/2023
Flossi Callaghan,St. Johnswort,19,1/3/2023
Orv Querree,Drushel's Wild Petunia,24,7/25/2023
Doll Menere,Ghost Flower,68,6/13/2023
Tera Longhorn,Ledge Stonecrop,100,1/9/2023
Maryl McKniely,Anderson's Hawksbeard,10,1/2/2023
Marilee Jansens,Trema,50,9/4/2023
Randolph Kernan,Woollyhead Prairie Clover,56,6/17/2023
Petey Pusill,Robbins' Spikerush,44,9/2/2023
Artie Kernan,Coyote Gilia,32,8/18/2023
Bridie Balazin,Pennsylvania Cinquefoil,80,12/6/2023
Harlin Fishbourne,Largeglume Bluegrass,22,4/8/2023
Roselle Deary,Bonjean's Dicranum Moss,50,4/27/2023
Hashim Dominka,Slender Stitchwort,2,7/20/2023
Judd Hanssmann,Maackia,79,1/24/2023
Ulrick Clapham,Antilles Velvetshrub,12,2/15/2023
Forrester Jarrard,Canada Cocklebur,9,4/21/2023
Cornall Marling,Dwarf Hackberry,77,1/27/2023
Trenton Arnley,Bellemerea Lichen,69,7/12/2023
Evita Ackerman,Nuttall's Toothwort,45,11/26/2023
Eddie Varley,Berlandier's Lobelia,27,9/2/2023
Jehanna Elsmor,Psorotichia Lichen,45,7/1/2023
Carolynn Beer,Woolly Marsh Elder,61,3/19/2023
Ellen Wiskar,Needle And Thread,46,5/28/2023
Gun Garley,White Cottongrass,78,7/23/2023
Birk Semon,Longspur Lupine,72,7/22/2023
Ewen Aizik,Beard Lichen,26,10/3/2023
Owen Gawkroge,Largeflower Crested Coralroot,80,2/16/2023
Shelley Pennings,Precocious Milkvetch,98,4/4/2023
Nita Kynman,Poverty Dropseed,13,7/23/2023
Carina Bim,Slim Amaranth,10,9/1/2023
Coriss Scorah,Early Blue Violet,79,5/10/2023
Myra Eustanch,Hypotrachyna Lichen,71,11/25/2023
Mandel Mattimoe,'ena'ena,62,1/5/2023
Ward Blennerhassett,Alpine Springbeauty,65,9/4/2023
Lynsey Oxbury,Wart Lichen,1,12/7/2023
Waly Jewett,Kirschsteiniothelia Lichen,86,4/26/2023
Ernie Greason,Small-flowered Calycadenia,77,12/21/2022
Myrtle Currm,Shining Milkwort,32,10/17/2023
Nissie Hucquart,Perfoliate Spineflower,34,10/25/2023
Joli Klagges,Paradox Cinquefoil,46,8/13/2023
Vivyan Fowlds,Lanceleaf Blanketflower,88,7/13/2023
Ebba Sokell,Renealmia,16,12/17/2022
Kimberlyn Surmeir,Branching Phacelia,39,9/30/2023
Jaime Blaes,Drooping Wildrye,6,11/24/2023
Dalton Peres,Histiopteris,7,7/25/2023
Natalee Bratt,Carolina Geranium,75,4/8/2023
Napoleon Edis,Hayfield Tarweed,93,9/28/2023
Gerrard Gawn,Rose Blackberry,88,11/26/2023
Say Jerosch,Saltugilia,82,10/13/2023
Gladys Hurry,Stream Bogmoss,84,3/6/2023
Trumaine Skitch,Bodywood,2,7/13/2023
Delores Martinet,Santa Cruz Island Torrey Pine,43,4/5/2023
Sybille Parkes,Tejon Poppy,95,1/16/2023
Sheffie Simione,Hybrid Oak,70,11/27/2023
Ailbert Elesander,Wart Lichen,81,8/2/2023
Janaya Hullin,Annual Rabbitsfoot Grass,36,3/9/2023
Penelope Birkmyr,Black Vetch,18,2/19/2023
Tobe Bruntjen,Sticky Rosinweed,70,12/10/2023
Gil Gherardelli,Chisos Red Oak,79,7/10/2023
Rosabelle Measen,Lehua 'ahihi,92,6/25/2023
Mace Twinning,Narrowleaf Purple Everlasting,72,4/21/2023
Willow Dye,Blumea,67,5/31/2023
Miles Wodeland,Pitcairnia,97,2/22/2023
Mile Matysik,Ale,31,5/8/2023
Hedy Kitchingman,Oxystegus Moss,80,10/7/2023
Mag Rault,Ivy Broomrape,32,3/23/2023
Yulma Halton,Thesium,74,4/7/2023
Jeremias McHale,Manystem Woolly Sunflower,32,12/22/2022
Dulcinea Hadden,Robison's Monardella,55,6/26/2023
Patty De Hailes,Pingpong-ball Cactus,39,3/17/2023
Conrado Ventum,Cinderslope Dubautia,17,7/2/2023
Cleavland Jobbins,Texas Bluebonnet,54,3/30/2023
Benson Castagne,Softhairy Maiden Fern,24,8/27/2023
Genia Iffe,Curled Starwort,50,3/16/2023
Maurise Cran,Clasping Milkweed,81,6/30/2023
Athene Bartles,Stebbins' Hedgenettle,20,4/26/2023
Janelle Gratrex,Gourd,76,8/1/2023
Linn Duffield,Texasplume,68,6/2/2023
Chicky Willock,Tunnel Springs Beardtongue,57,6/1/2023
Stearne Lankham,Lepianthes,78,7/10/2023
Maire Mithon,Maui Tetramolopium,61,6/27/2023
Fanchon Colquite,Georgia Beargrass,75,9/1/2023
Tallie Goodlud,Bulbous Bittercress,67,2/26/2023
Stefania Swayne,Florist's Spiraea,4,2/13/2023
Maurise Ceely,Scandix,100,5/6/2023
Vallie Bilston,Tortula Moss,60,8/31/2023
Iris McCowen,Fritillary,6,11/2/2023
Roman Dunridge,Ballmustard,13,1/20/2023
Grover Reap,Barrenground Willow,94,1/25/2023
Bernard Logsdale,Siberian Larkspur,99,1/3/2023
Cesare Bread,Reindeer Lichen,36,4/18/2023
Zoe Speeding,Punctelia,34,2/16/2023
Iris Daykin,Rat-tail Orchid,79,3/17/2023
Jeth Rosenhaupt,Eastern Swamp Saxifrage,12,3/24/2023
Bevin Shevels,Brewer's Fleabane,84,6/5/2023
Matty Finlaison,Pacific Stonecrop,13,9/26/2023
Vinnie Madle,Fendler's Springparsley,78,2/20/2023
Coralie Waby,Spanish False Fleabane,35,6/6/2023
Idelle Body,Water Minerslettuce,96,2/16/2023
Arabele Westgarth,Harvestbells,86,5/4/2023
Philbert Smewing,Syrian-privet,51,12/20/2022
Frederick Norbury,Nutrush,29,1/22/2023
Orion McCall,Blue Mudplantain,58,9/17/2023
Kenton Chasmer,Pseudocalliergon Moss,56,6/13/2023
Rouvin Birchill,Almquist's Allantoparmelia Lichen,61,5/12/2023
Martainn Caslin,Alaska Bluegrass,18,1/11/2023
Georgina Satford,Damiana,47,5/21/2023
Esdras Iacovo,Bitterweed,38,7/11/2023
Yul Bissiker,Bastard Hogberry,15,9/17/2023
Whitney Woolpert,Restharrow,84,7/21/2023
Phineas Vakhrushin,Rim Lichen,34,6/15/2023
Verna Craiker,Limestone Glade Milkvetch,63,3/7/2023
Sherrie Renne,Rampion,67,1/20/2023
Kai Duggen,American Funaria Moss,29,10/24/2023
Adelind Glasby,Smoothstem Sedge,52,9/23/2023
Freda Deniseau,Peonyleaf Woodsorrel,96,6/1/2023
Lisbeth Belamy,Naked Turtleback,19,12/10/2023
Kristi Dechelette,Whitehead Navarretia,24,5/27/2023
Zacharie Graundisson,Floatingheart,93,6/26/2023
Curt Lovell,Trailing Snowberry,6,12/8/2023
Iosep Brede,Polyblastia Lichen,37,11/14/2023
Ronald Mahaddy,Hybrid Hickory,73,10/31/2023
Woody Swanborrow,Tuber Anemone,61,11/10/2023
Valina Ripon,Blackseed Spurge,5,3/9/2023
Bert Oliphand,Sprawling Wirevine,70,2/11/2023
Lisette Blaver,Stoneroot,93,1/22/2023
Kahaleel Mourbey,Anthracothecium Lichen,1,1/4/2023
Darrelle Duthie,Jelly Lichen,16,2/11/2023
Trudey Washington,Junco,65,1/6/2023
Celestine Walby,Lecania Lichen,1,10/30/2023
Tina Jencken,Silkyleaf Cinquefoil,27,10/26/2023
Davidde Posselow,Confederate Jasmine,61,7/2/2023
Arnie Wantling,Imshaugia Lichen,70,8/18/2023
Pamelina Leadbetter,Pinesap,50,2/25/2023
Simmonds Wolver,Tarwi,78,6/12/2023
Fanya Knights,Hispid Bird's-beak,100,3/17/2023
Christan Beneyto,Windmill Grass,88,5/19/2023
Yasmin Blodg,Forked Bluecurls,1,9/30/2023
Jarib Cockram,Macoun's Cinquefoil,47,5/10/2023
Hollis Amphlett,Louisiana Bluestar,44,3/31/2023
Bernardina Campana,Acaena,25,3/26/2023
Gustie Choat,Island Cyrtandra,72,11/3/2023
Fran Peye,Pulvinate Euopsis Lichen,64,10/20/2023
Emmett Ingle,Yam,83,8/19/2023
Isidro Graeser,Crispleaf Buckwheat,87,8/25/2023
Darb Hasty,Nakedstem Gymnosteris,54,2/11/2023
Corrie Harrisson,Autumn Dwarf Gentian,17,3/26/2023
Gordon Attride,Virginia Hypotrachyna Lichen,10,10/1/2023
Kacie Joinson,Hybrid Oak,85,12/24/2022
Maddie Berresford,Armenia Tephromela Lichen,40,3/2/2023
Adda Jackalin,Redgum,86,1/11/2023
Elinore McPhate,Isachne,3,10/20/2023
Anselm Arnet,Igniar's Dotted Lichen,23,12/31/2022
Daphna Smylie,Blackberry For The Rest Of Us,15,12/26/2022
Bonita Penton,Ligurian Clover,52,7/22/2023
Almire Thexton,Silver Beardgrass,34,7/13/2023
Bianka Hatherleigh,Carolina Desert-chicory,40,12/7/2023
Xenia O' Mara,Treelover,64,12/8/2023
Marline Rubertelli,Strict Blue-eyed Grass,18,11/30/2023
Felic Stoate,Towering Jacob's-ladder,82,12/8/2023
Orren Sang,Greenland Primrose,80,5/14/2023
Lyndel Gadaud,Sicklekeel Lupine,69,7/29/2023
Darren Ower,Orange Lichen,29,10/7/2023
Bevan Giraudot,Sierra Madre Lobelia,86,9/7/2023
Yankee McComiskie,Drywoods Miterwort,12,1/4/2023
Jody Gilson,Rinodina Lichen,33,2/26/2023
Harris Larkings,Relicina Lichen,64,1/29/2023
Fania Eckery,Script Lichen,32,11/3/2023
Isidora MacPaik,Hyssopleaf Fleabane,57,9/27/2023
Erinna Gretham,Tarweed,25,6/10/2023
Romain Tredger,Checkerbloom,3,6/27/2023
Maurise Booty,Cardot's Campylium Moss,50,6/29/2023
Halsey Maccrie,Convex Lichenothelia Lichen,67,4/5/2023
Gav Gooderidge,Elongated Bluehearts,84,7/13/2023
Orrin Amott,Lallemantia,43,11/17/2023
Sande Elcock,Orange-flower Star Orchid,84,4/30/2023
Wynny Grimmett,Mauve,84,10/31/2023
Ralf Presland,Elongate Dropseed,71,2/16/2023
Travus Doggrell,Narrow-leaved Blazingstar,84,4/15/2023
Leonie Kibbee,Dwarf Mentzelia,25,5/19/2023
Rosina MacPadene,Rough Hairsedge,73,9/7/2023
Krishna Perassi,Grapefern,87,11/14/2023
Jacqui Studd,Cape Province Pygmyweed,63,2/11/2023
Hollyanne Ramage,Shaggy Fleabane,69,7/31/2023
Konstantin De Moreno,Shinglewood,82,11/24/2023
Gillie Rossin,Schoolcraft's Dewberry,49,7/13/2023
Lindsy Charte,Dakota Gentian,73,7/31/2023
Uriel Bunney,Cashew,17,7/26/2023
Inness Bletso,Gilia Beardtongue,35,10/13/2023
Karel Spowart,Fogg's Goosefoot,51,4/26/2023
Raymond Faithfull,Largeglume Bluegrass,73,4/30/2023
Lilas Stradling,Avaram,21,8/3/2023
Christin Bankes,Burrograss,41,10/8/2023
Ulrick Sleep,Pterigynandrum Moss,45,3/3/2023
Kore Murdie,Island Schiedea,28,7/31/2023
Auroora Van Dijk,Orange Lichen,62,6/5/2023
Romonda Accomb,Yosemite Lewisia,73,11/27/2023
Ferdinand Matessian,Coltsfoot,95,1/11/2023
Thorn Ruller,Salal,27,10/21/2023
Cass Brundill,Dog Figwort,79,4/6/2023
Sherm Stanwix,Prairie Pinkroot,36,8/9/2023
Elie Ringwood,Campion,80,7/21/2023
Coleen Youde,Thesium,19,3/2/2023
Burk Myers,Steyermark's Milkwort,9,12/13/2023
Ignaz Poag,Buttercup,38,10/28/2023
Hetti Pistol,Wislizenus' False Threadleaf,34,3/4/2023
Lisbeth Postill,Puget Cherry,68,12/13/2023
Marian Postgate,Northern Yelloweyed Grass,45,4/19/2023
Issi Sainz,Knob Sedge,44,6/5/2023
Daisi O'Kynsillaghe,Pinewoods Cryptantha,97,2/16/2023
Halsy Leather,Leoncita False Foxglove,59,2/16/2023
Dana Gronav,Huachuca Mountain Milkvetch,46,3/8/2023
Derby Babington,Cream Pincushions,53,9/5/2023
Charlena Rippingall,Mutant Tanoak,29,1/27/2023
Sisely Keavy,Baja Rose,56,5/30/2023
Thaxter MacKegg,Salpiglossis,83,5/15/2023
Sigismondo Akam,Oahu Flatsedge,25,10/20/2023
Dede Wicklin,Fassett's Water-starwort,61,2/13/2023
Wiatt Vearncombe,Snow Arnica,60,3/27/2023
Kitti Duerden,Scorpidium Moss,39,11/24/2023
Carney Kearn,Woolly Locoweed,85,1/3/2023
Olin Scholes,Waxfruit Mustard,52,12/13/2023
Orland Udall,Leggett's Pinweed,97,8/31/2023
Cathee Abbots,Bingen Lupine,87,2/9/2023
Delia Byas,Palmer's Zinnia,89,10/11/2023
Cathlene Busk,Canaigre Dock,100,4/25/2023
Silvia Faier,Lewis' Buckwheat,30,5/13/2023
Kailey Lemon,Roadside Pepperweed,48,3/26/2023
Rayner Regglar,White Thistle,45,5/24/2023
Eveleen Duffy,Garden Rhubarb,88,6/4/2023
Janis Mila,Brachythecium Moss,41,11/1/2023
Taite Dorsett,Beggarticks,96,12/3/2023
Alexis Fraczkiewicz,Capberry,6,4/21/2023
Sadie Hirschmann,Lecidea Lichen,84,11/30/2023
Vail Klass,Striped Garlic,75,12/24/2022
Shepperd Feuell,Modoc Hawksbeard,68,2/16/2023
Sigismund Cuff,Sphenosciadium,23,4/7/2023
Jane Iacobetto,Mearns' Mock Orange,34,7/11/2023
Phaedra Mechi,Periwinkle,64,5/21/2023
Temple Spleving,Florida False Sunflower,17,8/12/2023
Gusta Tattam,Arctic Alpine Forget-me-not,74,7/17/2023
Blanca Gullick,Hare's Ear,79,4/21/2023
Myrtia Micheli,California Melicgrass,50,8/2/2023
Vickie Cowap,Bitter Tube Lichen,14,2/16/2023
Genvieve Goodley,Teta De Burra Cinarron,29,3/18/2023
Brynna Simoni,Seminole Balsamo,23,1/17/2023
Marcelia Dilke,Shield Aralia,67,8/7/2023
Tiphany Armour,Hupilo,11,5/15/2023
Angelita Twelvetrees,Amelasorbus,89,3/16/2023
Michal Vermer,Desert Sand Verbena,90,2/17/2023
Gelya Kettlesting,Didymodon Moss,31,4/6/2023
Gavin McKeown,Robust Lobelia,57,10/17/2023
Adelaida Balls,Wavyleaf Thistle,53,4/5/2023
Reginald Tire,Showy Blackberry,6,1/25/2023
Byrle Leadbeater,Dwarf Chamaesaracha,33,2/25/2023
Laurette Follit,Dayflower,53,3/17/2023
Adamo Crofts,Rinodina Lichen,59,7/9/2023
Myer Moniker,Laurel Clockvine,17,3/12/2023
Hendrick Tourville,Sagebrush Violet,27,2/14/2023
Corabella Maitland,Oregon Cliff Fern,93,3/26/2023
Tallulah Hizir,Napali Coast Labordia,60,3/2/2023
Eric Kraft,Boreal Starwort,99,6/7/2023
Amity Saberton,Churchsteeples,41,4/22/2023
Batholomew Seacroft,Alpine Knapweed,62,7/11/2023
Gayel Broadway,Antilles Filmy Fern,58,7/26/2023
Padriac Halliday,Rose Silene,40,8/2/2023
Allard Summerhayes,Virginia Bunchflower,66,9/12/2023
Gareth Pudsall,Broadfruit Bur-reed,44,4/4/2023
Allyn Bussel,Fan Columbine,51,11/9/2023
Elva Hegge,Angularfruit Milkvine,50,12/3/2023
Boy Alibone,Spanish Arborvine,20,6/7/2023
Chen Kitchingham,Threelocule Corchorus,67,9/11/2023
Denis Lemerle,Purple Gaymallow,33,6/23/2023
Janaya Lortzing,Porpidia Lichen,47,1/26/2023
Gerrard Rangell,Heartleaf Twistflower,43,9/23/2023
Freemon Deekes,Jute,80,1/11/2023
Ulrich Shellshear,Cutleaf Spleenwort,55,8/13/2023
Vivia Dumbelton,Keyflower,81,5/8/2023
Ana Endecott,Red Sand Verbena,62,12/6/2023
Rey Mehaffey,Stevens' Fiddleleaf,86,1/10/2023
Stefano Riolfi,Ghanja Kola,3,3/30/2023
Nicolle Shave,Cretanweed,49,12/16/2022
Daffi Uttridge,Contance's Sedge,77,6/2/2023
Lonnard Rumbold,Manyflower Marshpennywort,88,5/16/2023
Deloria Altamirano,Molokai Twinsorus Fern,88,4/16/2023
Roanna Lackham,Snail Medick,93,11/19/2023
Mortimer Valentim,Chinese Chives,30,9/19/2023
Martina Wiltshire,Flatstem Pondweed,83,2/12/2023
Frankie Deamer,Bedgrass,29,2/3/2023
Marcile Bote,Custard Apple,77,8/26/2023
Tracie Doolan,Herbst's Bloodleaf,24,10/6/2023
Antoinette McMichell,Oldham's Baby's-breath,19,9/29/2023
Marcelline Jeffes,Angled Paludella Moss,60,9/4/2023
Merrill Riveles,Desert Draba,21,2/21/2023
Emmett Erik,Sandpuffs,56,5/26/2023
Korry Hammerson,Hamelia,69,8/1/2023
Marlon Gridley,Parchment Bristle Fern,22,7/12/2023
Nealon Maffucci,Arrowfeather Threeawn,87,8/10/2023
Ritchie Waeland,New Mexico Copperleaf,55,6/24/2023
Wittie Oloman,Boulder Sedge,22,3/1/2023
Mannie Goldspink,Woolly Fingergrass,86,2/10/2023
Rosabelle Mattersley,Pylaes' Sphagnum,13,7/9/2023
Norean Garaghan,Malaysian Aralia,14,9/1/2023
Wald Corteis,Calloose Grape,81,1/7/2023
Sadie Knyvett,Maroonspot Calicoflower,80,11/6/2023
Grace Becke,Guadalupe Mountain Necklacepod,29,4/19/2023
Licha Renac,Shortray Rockdaisy,16,5/28/2023
Bettina Simoneschi,Chalk Maple,60,9/18/2023
Myles Vittori,Umbrella-sedge,76,2/1/2023
Andre Hayhoe,American Alumroot,18,2/4/2023
Baillie Ragdale,Arrowleaf Mallow,34,2/9/2023
Penn Burry,Texas Bluebonnet,18,5/30/2023
Arlene Tayloe,Longhorn Bog Orchid,76,10/23/2023
Chelsey Menis,'ekoko,12,6/13/2023
Sebastiano Calway,Hybrid Violet,93,5/23/2023
Pearline Pryce,Mock Pennyroyal,34,4/8/2023
Boycey Loyndon,Pseudofumaria,17,8/25/2023
Giselbert Nutten,Prairie Cupgrass,58,3/30/2023
Lynelle Losebie,Scouringrush Horsetail,78,8/12/2023
Dee Cleynaert,Labrador Bluegrass,68,11/13/2023
Eadmund Dechelette,Blister Sedge,63,3/5/2023
Royall Bodemeaid,Beautiful Cinquefoil,50,9/24/2023
Almire Genese,Placynthiella Lichen,18,5/9/2023
Siusan Gauche,Ground Orchid,98,12/1/2023
Douglass Punton,Rattan's Sandmat,53,12/4/2023
York Bartholomaus,Kohala Mountain Stenogyne,8,10/17/2023
Chico Bramhill,Big Red Stem Moss,12,6/14/2023
Prentiss Elwin,Chinese Ephedra,22,11/16/2023
Dieter Tropman,Labrador Lousewort,67,6/4/2023
Alexandre Loveless,Caracas Rattlebox,85,5/24/2023
Sonnie Dearden,Rimmed Lichen,11,12/13/2023
Tiebold Faldoe,Philodendron,32,9/5/2023
Margit Adshed,Cockspur Pricklypear,71,3/7/2023
Silvana Laite,Littleleaf Sumac,19,9/19/2023
Zitella Brinsford,Blacktack Phacelia,37,8/5/2023
Sandie Ellacott,Purple Pricklypear,2,1/13/2023
Rosaline De Carolis,Card√≥n,90,2/8/2023
Gwenette Kolinsky,Letrouitia Lichen,71,4/13/2023
Rossy Cicchetto,Foothill Beargrass,5,10/10/2023
Lyndsay Gidney,New Mexico Locust,50,6/11/2023
Veriee Acom,American Red Raspberry,61,2/2/2023
Colver Beech,Salsify,41,7/21/2023
Crystal Bletso,Rocky Mountain Monkeyflower,80,8/13/2023
Jacinthe Echlin,Tropical Whiteweed,24,2/15/2023
Gunner Jauncey,Nehe,20,7/19/2023
Austina Kindon,Wort Lichen,17,10/24/2023
Daveta Peltz,Crownvetch,26,7/24/2023
Tasha Mil,Ovate Marsh Fern,96,6/1/2023
Hunt Turpin,Woolly Meadowfoam,94,4/15/2023
Wynn Riolfi,Shell Lichen,45,10/5/2023
Hillery Northbridge,Russian Thistle,69,1/11/2023
Vivie McMichan,Swinecress,24,5/17/2023
Jessie Leyland,Queen-devil Hawkweed,25,1/20/2023
Bambi Zannelli,Thelidium Lichen,77,5/21/2023
Jackie Verriour,Fendler's Rockcress,34,9/9/2023
Say Sicha,Dwarf Minerslettuce,46,12/13/2023
Yulma Strongitharm,Coastal Sand Spurge,6,5/27/2023
Kareem Aingell,San Diego Buckbrush,52,1/30/2023
Virge Percy,Rim Lichen,6,10/6/2023
Axe Lavielle,Broussonetia,38,2/24/2023
Rowland Duell,Western Sandspurry,74,8/27/2023
Codi Necolds,Wild Cineraria,76,12/25/2022
Marylee Woodberry,Silkybent,54,12/14/2022
Berny Partener,Hall's Mule-ears,97,11/16/2023
Portie Kuhnel,Southern Threeawn,86,7/15/2023
Maribelle Feldstern,Spotted St. Johnswort,71,7/7/2023
Cozmo Cumberledge,Vernal Pool Mousetail,38,11/11/2023
Neale Dosedale,Small Coastal Germander,33,8/7/2023
Irena Rewan,Pachyrhizus,73,3/25/2023
Alfreda Woodage,Old Man's Beard,63,1/10/2023
Nicola Pikesley,Hanging Clubmoss,61,11/15/2023
Arch Gerdts,Bloodflower,59,10/31/2023
Agnese Randell,Erichsen's Wart Lichen,26,11/27/2023
Earle Bumphrey,Herniaria-leaf Spurge,78,5/8/2023
Hermione Ferriday,Orcutt's Aster,26,4/16/2023
Kalina Pepperell,Fendler's Sandwort,97,12/16/2022
Alane Yeoland,Blacktorch,43,11/4/2023
Wallis Dahle,Western Umbrella-sedge,67,12/27/2022
Jackquelin Craighill,Zollinger's Indigo,12,10/22/2023
Travus Cranmere,Herbst's Sandmat,83,2/16/2023
Adan Selkirk,Maui Islandmint,48,1/15/2023
Tilly Silbert,Utah Phacelia,22,11/24/2023
Julie McTaggart,Wonder Violet,42,1/10/2023
Den Hardaker,Confused Astrothelium Lichen,68,11/8/2023
Garvey Pearne,James' Buckwheat,84,8/16/2023
Natividad Mulqueen,Amberboa,71,2/27/2023
Howie Cresser,Chamaechaenactis,68,7/19/2023
Powell Yaknov,Sweet Iris,4,2/20/2023
Perren Sapauton,Cup Lichen,31,7/15/2023
Marcellus Vear,Stiffbranch Bird's Beak,39,7/3/2023
Meggie Mycroft,Poverty Threeawn,45,12/28/2022
Thaddeus Aspel,Purple Sage,70,2/22/2023
Charissa Duckerin,Davidson's Bushmallow,76,3/3/2023
Cam Griffoen,Milkmaids,46,7/5/2023
Bax Tyson,Pinyon Milkvetch,52,1/7/2023
Christie Dincey,Drops Of Gold,67,1/29/2023
Denise Park,Texas Sleepydaisy,92,2/18/2023
Claire Pagen,Indian Flatsedge,56,4/8/2023
Akim Stiggles,Peacock Orchid,97,1/11/2023
Herrick Santon,Victor's Gooseberry,26,2/4/2023
Annmarie Covendon,Trans-pecos Cyclanthera,26,5/12/2023
Lenci Labbett,Asian White Birch,54,3/27/2023
Christian Ferraretto,Durango Senna,25,6/12/2023
Joly Barnish,Casasia,17,3/8/2023
Carlyle Blythe,Fringed Dropseed,100,11/27/2023
Kenon Oldcote,Narrowleaf Skullcap,59,7/3/2023
Amery Newick,Indianola Beaksedge,45,8/16/2023
Ignacio Hegge,Pawpaw,97,5/9/2023
Chase Secrett,Flower Axistree,34,8/13/2023
Nell Barrand,Bitter Tube Lichen,26,12/19/2022
Kylie Jonke,White Fishhook Cactus,69,8/20/2023
Stearne Acom,Silky Jackbean,65,11/8/2023
Fritz Langmead,Longleaf Brickellbush,92,6/12/2023
Eward Sheddan,Rooting Chainfern,1,12/29/2022
Lynette Croux,Centaury,62,6/17/2023
Abba Nendick,Canadian Horseweed,81,2/17/2023
Field MacRorie,Lecidea Lichen,16,1/12/2023
Elliot Housley,Hartweg's Golden Sunburst,74,10/16/2023
Gasper Eisold,Hoopvine,96,1/15/2023
Hinze Scaddon,Gmelin's Buttercup,99,6/5/2023
Lissi Worsnop,Willamette Fleabane,39,5/17/2023
Halimeda Licciardiello,Small Ballmoss,41,8/1/2023
Kriste Lever,Eke Silversword,11,9/6/2023
Celle Couth,Aiken Hawthorn,70,7/3/2023
Chloette Brayfield,Hybrid Violet,22,10/23/2023
Mordecai Gull,Cuban Copperleaf,2,2/27/2023
Fairfax Ashwell,Chinaberrytree,83,12/29/2022
Eba MacCauley,Kidney Lichen,38,7/12/2023
Dottie Goter,Screwstem,85,4/10/2023
Waverley Poleye,Padron's Bristle Fern,99,10/7/2023
Tory Spikins,Maxwell's Girdlepod,57,4/21/2023
Kata Giovanardi,Japanese Rose,31,8/16/2023
Town Dunphy,Siberian Crab Apple,86,1/13/2023
Cobb Skelhorne,Parasol Sedge,7,1/21/2023
Del Binch,Jakutsk Snowparsley,14,10/22/2023
Querida Attewell,Bill Williams Mountain Giant Hyssop,11,9/27/2023
Loralee McAndrew,Clustered Goldenweed,41,2/10/2023
Tabatha Sallinger,Krapovickasia,66,9/9/2023
Minna Boadby,Woolly Round-head Clover,65,2/28/2023
Roxanne Chatenet,Hairy Sandspurry,44,5/14/2023
Erny Giordano,Norway Bryoxiphium Moss,54,1/27/2023
Drucie Connichie,Jones' Rainlily,19,8/29/2023
Justen Fergusson,Arctomia Lichen,7,1/1/2023
Emera Izchaki,Arizona Gumweed,68,10/15/2023
Jeremias Albutt,Sagebrush Stickseed,22,5/24/2023
Garrick Nuth,Wild Tulip,75,4/3/2023
Lilith Capsey,Coulter's Horseweed,74,6/19/2023
Gunther Karle,Roundleaf Phacelia,20,1/13/2023
Yorgos Walters,Palespike Lobelia,35,8/5/2023
Leona Deplacido,Lemmon's Ceanothus,57,6/17/2023
Rutherford Pollicott,Common Hop,29,5/15/2023
Wilona Eggle,Intermountain Bedstraw,3,8/30/2023
Griz MacAne,Greenland Northern Rockcress,73,5/26/2023
Tessy Slocom,Peruvian Paspalum,62,8/27/2023
Livvie Iskow,Peidmont Quillwort,21,1/19/2023
Ray Nornable,Multibloom Hoarypea,15,9/13/2023
Sarene Whyteman,Mexican Bedstraw,15,3/22/2023
Constantin Ince,Vesicarpa,64,12/28/2022
Arabelle Eayrs,Roof's Manzanita,86,6/28/2023
Humphrey Pettwood,Moth Pepper,36,1/15/2023
Enoch Flinders,Wrinkleleaf Goldenrod,46,10/22/2023
Alta Allmann,Desert Ceanothus,3,4/7/2023
Elvyn Trunchion,Thymeleaf Speedwell,65,7/8/2023
Sawyer Arsnell,Arizona Swallow-wort,51,1/1/2023
Richmound Leaver,Dwarf White Milkvetch,86,11/11/2023
Charis Harden,Austrian Pine,77,5/28/2023
Barbabra Corringham,Tundra Alkaligrass,28,4/28/2023
Amber Lindman,Pacific Alpine Wormwood,45,8/3/2023
Gale Kornes,Spleenwort Maiden Fern,19,6/27/2023
Letitia Brandle,Bristly Lovegrass,51,7/6/2023
Rochester Cardwell,Sphagnum,55,3/17/2023
Silvia Woodrough,Waterparsnip,18,3/15/2023
Auberon Dizlie,Silkgrass,47,1/23/2023
Raquel Danielsky,Cowpea,58,10/17/2023
Jillie Nasey,Marshpepper Knotweed,52,8/29/2023
Stephanie Crannage,Dicranella Moss,87,10/15/2023
Cahra Elphinston,Broadleaf Stonecrop,62,1/22/2023
Georgiana Idiens,Trans-pecos False Mountainparsley,84,2/19/2023
Sebastian Chamberlain,Basket Of Gold,97,9/13/2023
Donielle Sawfoot,Big-spore Quillwort,80,3/25/2023
